insert into body_mass (id, weight_in_kg) values ('e5bebd37-50d0-4aeb-b389-aea1ac06a4e1', 2.0 );
insert into body_mass (id, weight_in_kg) values ('e5bebd37-50d0-4aeb-b389-aea1ac06a4e2', 7.0 );
insert into body_mass (id, weight_in_kg) values ('e5bebd37-50d0-4aeb-b389-aea1ac06a4e3', 9.0 );
insert into body_mass (id, weight_in_kg) values ('e5bebd37-50d0-4aeb-b389-aea1ac06a4e4', 21.0);
insert into body_mass (id, weight_in_kg) values ('e5bebd37-50d0-4aeb-b389-aea1ac06a4e5', 22.0);
insert into body_mass (id, weight_in_kg) values ('e5bebd37-50d0-4aeb-b389-aea1ac06a4e6', 25.0);
insert into body_mass (id, weight_in_kg) values ('e5bebd37-50d0-4aeb-b389-aea1ac06a4e7', 31.0);
insert into body_mass (id, weight_in_kg) values ('e5bebd37-50d0-4aeb-b389-aea1ac06a4e8', 35.0);
insert into body_mass (id, weight_in_kg) values ('e5bebd37-50d0-4aeb-b389-aea1ac06a4e9', 38.0);
insert into body_mass (id, weight_in_kg) values ('e5bebd37-50d0-4aeb-b389-aea1ac06a4e0', 42.0);
insert into body_mass (id, weight_in_kg) values ('e5bebd37-50d0-4aeb-b389-aea1ac06a41b', 44.0);
insert into body_mass (id, weight_in_kg) values ('e5bebd37-50d0-4aeb-b389-aea1ac06a42b', 45.0);
insert into body_mass (id, weight_in_kg) values ('e5bebd37-50d0-4aeb-b389-aea1ac06a43b', 50.0);
insert into body_mass (id, weight_in_kg) values ('e5bebd37-50d0-4aeb-b389-aea1ac06a44b', 56.0);
insert into body_mass (id, weight_in_kg) values ('e5bebd37-50d0-4aeb-b389-aea1ac06a45b', 64.0);
insert into body_mass (id, weight_in_kg) values ('e5bebd37-50d0-4aeb-b389-aea1ac06a46b', 65.0);
insert into body_mass (id, weight_in_kg) values ('e5bebd37-50d0-4aeb-b389-aea1ac06a47b', 73.0);
insert into body_mass (id, weight_in_kg) values ('e5bebd37-50d0-4aeb-b389-aea1ac06a48b', 75.0);
insert into body_mass (id, weight_in_kg) values ('e5bebd37-50d0-4aeb-b389-aea1ac06a49b', 81.0);
insert into body_mass (id, weight_in_kg) values ('e5bebd37-50d0-4aeb-b389-aea1ac06a40b', 89.0);

insert into users (id, username, password, first_name, last_name, height_in_cm, body_mass) values ('2e8f53cb-830a-4727-92c3-3f3ff6e44e03', 'bperkin0'   , '$2a$12$yS.gvNj1z7SHAotVmVNneucd4BLz4U74x7n6ycZwlzBxG/yL33pAy' , 'Burch'    , 'Perkin'    , 150, null                                  );
insert into users (id, username, password, first_name, last_name, height_in_cm, body_mass) values ('2e8f53cb-830a-4727-92c3-3f3ff6e44e04', 'kosgordby1' , '$2a$12$yS.gvNj1z7SHAotVmVNneucd4BLz4U74x7n6ycZwlzBxG/yL33pAy' , 'Katleen'  , 'Osgordby'  , 177, null                                  );
insert into users (id, username, password, first_name, last_name, height_in_cm, body_mass) values ('2e8f53cb-830a-4727-92c3-3f3ff6e44e05', 'gbuntine2'  , '$2a$12$yS.gvNj1z7SHAotVmVNneucd4BLz4U74x7n6ycZwlzBxG/yL33pAy' , 'Giuditta' , 'Buntine'   , 173, null                                  );
insert into users (id, username, password, first_name, last_name, height_in_cm, body_mass) values ('2e8f53cb-830a-4727-92c3-3f3ff6e44e06', 'mleteve3'   , '$2a$12$yS.gvNj1z7SHAotVmVNneucd4BLz4U74x7n6ycZwlzBxG/yL33pAy' , 'Margery'  , 'Le Teve'   , 150, null                                  );
insert into users (id, username, password, first_name, last_name, height_in_cm, body_mass) values ('2e8f53cb-830a-4727-92c3-3f3ff6e44e07', 'tprowting4' , '$2a$12$yS.gvNj1z7SHAotVmVNneucd4BLz4U74x7n6ycZwlzBxG/yL33pAy' , 'Tracee'   , 'Prowting'  , 150, null                                  );
insert into users (id, username, password, first_name, last_name, height_in_cm, body_mass) values ('2e8f53cb-830a-4727-92c3-3f3ff6e44e08', 'lpawlata5'  , '$2a$12$yS.gvNj1z7SHAotVmVNneucd4BLz4U74x7n6ycZwlzBxG/yL33pAy' , 'Loleta'   , 'Pawlata'   , 196, null                                  );
insert into users (id, username, password, first_name, last_name, height_in_cm, body_mass) values ('2e8f53cb-830a-4727-92c3-3f3ff6e44e09', 'aguiu6'     , '$2a$12$yS.gvNj1z7SHAotVmVNneucd4BLz4U74x7n6ycZwlzBxG/yL33pAy' , 'Arron'    , 'Guiu'      , 188, null                                  );
insert into users (id, username, password, first_name, last_name, height_in_cm, body_mass) values ('2e8f53cb-830a-4727-92c3-3f3ff6e44e23', 'tmilward7'  , '$2a$12$yS.gvNj1z7SHAotVmVNneucd4BLz4U74x7n6ycZwlzBxG/yL33pAy' , 'Tades'    , 'Milward'   , 151, null                                  );
insert into users (id, username, password, first_name, last_name, height_in_cm, body_mass) values ('2e8f53cb-830a-4727-92c3-3f3ff6e44e33', 'mhugonneau8', '$2a$12$yS.gvNj1z7SHAotVmVNneucd4BLz4U74x7n6ycZwlzBxG/yL33pAy' , 'Manuel'   , 'Hugonneau' , 186, null                                  );
insert into users (id, username, password, first_name, last_name, height_in_cm, body_mass) values ('2e8f53cb-830a-4727-92c3-3f3ff6e44e43', 'wnewsham9'  , '$2a$12$yS.gvNj1z7SHAotVmVNneucd4BLz4U74x7n6ycZwlzBxG/yL33pAy' , 'Weylin'   , 'Newsham'   , 205, 'e5bebd37-50d0-4aeb-b389-aea1ac06a4e1');
insert into users (id, username, password, first_name, last_name, height_in_cm, body_mass) values ('2e8f53cb-830a-4727-92c3-3f3ff6e44e53', 'agrassota'  , '$2a$12$yS.gvNj1z7SHAotVmVNneucd4BLz4U74x7n6ycZwlzBxG/yL33pAy' , 'Amelie'   , 'Grassot'   , 164, 'e5bebd37-50d0-4aeb-b389-aea1ac06a4e2');
insert into users (id, username, password, first_name, last_name, height_in_cm, body_mass) values ('2e8f53cb-830a-4727-92c3-3f3ff6e44e63', 'knooneb'    , '$2a$12$yS.gvNj1z7SHAotVmVNneucd4BLz4U74x7n6ycZwlzBxG/yL33pAy' , 'Karoly'   , 'Noone'     , 205, 'e5bebd37-50d0-4aeb-b389-aea1ac06a4e3');
insert into users (id, username, password, first_name, last_name, height_in_cm, body_mass) values ('2e8f53cb-830a-4727-92c3-3f3ff6e44e73', 'tvannec'    , '$2a$12$yS.gvNj1z7SHAotVmVNneucd4BLz4U74x7n6ycZwlzBxG/yL33pAy' , 'Thibaut'  , 'Vanne'     , 178, 'e5bebd37-50d0-4aeb-b389-aea1ac06a4e4');
insert into users (id, username, password, first_name, last_name, height_in_cm, body_mass) values ('2e8f53cb-830a-4727-92c3-3f3ff6e44e83', 'lwestroped' , '$2a$12$yS.gvNj1z7SHAotVmVNneucd4BLz4U74x7n6ycZwlzBxG/yL33pAy' , 'Lorrayne' , 'Westrope'  , 199, 'e5bebd37-50d0-4aeb-b389-aea1ac06a4e5');
insert into users (id, username, password, first_name, last_name, height_in_cm, body_mass) values ('2e8f53cb-830a-4727-92c3-3f3ff6e44e93', 'bgerbere'   , '$2a$12$yS.gvNj1z7SHAotVmVNneucd4BLz4U74x7n6ycZwlzBxG/yL33pAy' , 'Brian'    , 'Gerber'    , 169, 'e5bebd37-50d0-4aeb-b389-aea1ac06a4e6');
insert into users (id, username, password, first_name, last_name, height_in_cm, body_mass) values ('2e8f53cb-830a-4727-92c3-3f3ff6e14e03', 'majsikf'    , '$2a$12$yS.gvNj1z7SHAotVmVNneucd4BLz4U74x7n6ycZwlzBxG/yL33pAy' , 'Marys'    , 'Ajsik'     , 197, 'e5bebd37-50d0-4aeb-b389-aea1ac06a4e7');
insert into users (id, username, password, first_name, last_name, height_in_cm, body_mass) values ('2e8f53cb-830a-4727-92c3-3f3ff6e24e03', 'vgilloppg'  , '$2a$12$yS.gvNj1z7SHAotVmVNneucd4BLz4U74x7n6ycZwlzBxG/yL33pAy' , 'Valery'   , 'Gillopp'   , 182, 'e5bebd37-50d0-4aeb-b389-aea1ac06a4e8');
insert into users (id, username, password, first_name, last_name, height_in_cm, body_mass) values ('2e8f53cb-830a-4727-92c3-3f3ff6e34e03', 'aelliceh'   , '$2a$12$yS.gvNj1z7SHAotVmVNneucd4BLz4U74x7n6ycZwlzBxG/yL33pAy' , 'Andria'   , 'Ellice'    , 168, 'e5bebd37-50d0-4aeb-b389-aea1ac06a4e9');
insert into users (id, username, password, first_name, last_name, height_in_cm, body_mass) values ('2e8f53cb-830a-4727-92c3-3f3ff6e54e03', 'pbendlei'   , '$2a$12$yS.gvNj1z7SHAotVmVNneucd4BLz4U74x7n6ycZwlzBxG/yL33pAy' , 'Phip'     , 'Bendle'    , 209, 'e5bebd37-50d0-4aeb-b389-aea1ac06a4e0');
insert into users (id, username, password, first_name, last_name, height_in_cm, body_mass) values ('2e8f53cb-830a-4727-92c3-3f3ff6e64e03', 'ayoj'       , '$2a$12$yS.gvNj1z7SHAotVmVNneucd4BLz4U74x7n6ycZwlzBxG/yL33pAy' , 'Aurea'    , 'Yo'        , 204, null                                  );

insert into nutrition (id, carbs, fat, calories, protein) values ('dcde8e1d-e39e-4cb9-a797-bccf08a5369c', 55, 44, 12, 92);
insert into nutrition (id, carbs, fat, calories, protein) values ('dcde8e1d-e39e-4cb9-a797-bccf08a5361c', 91, 59, 63, 10);
insert into nutrition (id, carbs, fat, calories, protein) values ('dcde8e1d-e39e-4cb9-a797-bccf08a5362c', 16, 59, 24, 66);
insert into nutrition (id, carbs, fat, calories, protein) values ('dcde8e1d-e39e-4cb9-a797-bccf08a5363c', 78, 22, 51, 78);
insert into nutrition (id, carbs, fat, calories, protein) values ('dcde8e1d-e39e-4cb9-a797-bccf08a5364c', 94, 66, 18, 86);
insert into nutrition (id, carbs, fat, calories, protein) values ('dcde8e1d-e39e-4cb9-a797-bccf08a5365c', 2 , 65, 63, 16);
insert into nutrition (id, carbs, fat, calories, protein) values ('dcde8e1d-e39e-4cb9-a797-bccf08a5366c', 7 , 33, 9 , 25);
insert into nutrition (id, carbs, fat, calories, protein) values ('dcde8e1d-e39e-4cb9-a797-bccf08a5367c', 30, 75, 33, 99);
insert into nutrition (id, carbs, fat, calories, protein) values ('dcde8e1d-e39e-4cb9-a797-bccf08a5368c', 58, 81, 29, 93);
insert into nutrition (id, carbs, fat, calories, protein) values ('dcde8e1d-e39e-4cb9-a797-bccf08a5360c', 28, 77, 18, 93);
insert into nutrition (id, carbs, fat, calories, protein) values ('dcde8e1d-e39e-4cb9-a797-bccf08a5319c', 38, 8 , 4 , 78);
insert into nutrition (id, carbs, fat, calories, protein) values ('dcde8e1d-e39e-4cb9-a797-bccf08a5329c', 16, 66, 34, 35);
insert into nutrition (id, carbs, fat, calories, protein) values ('dcde8e1d-e39e-4cb9-a797-bccf08a5339c', 63, 57, 79, 8 );
insert into nutrition (id, carbs, fat, calories, protein) values ('dcde8e1d-e39e-4cb9-a797-bccf08a5349c', 86, 40, 56, 12);
insert into nutrition (id, carbs, fat, calories, protein) values ('dcde8e1d-e39e-4cb9-a797-bccf08a5359c', 2 , 35, 48, 62);
insert into nutrition (id, carbs, fat, calories, protein) values ('dcde8e1d-e39e-4cb9-a797-bccf08a5379c', 34, 49, 35, 28);
insert into nutrition (id, carbs, fat, calories, protein) values ('dcde8e1d-e39e-4cb9-a797-bccf08a5389c', 70, 80, 0 , 2 );
insert into nutrition (id, carbs, fat, calories, protein) values ('dcde8e1d-e39e-4cb9-a797-bccf08a5399c', 31, 9 , 52, 15);
insert into nutrition (id, carbs, fat, calories, protein) values ('dcde8e1d-e39e-4cb9-a797-bccf08a5309c', 82, 86, 72, 38);
insert into nutrition (id, carbs, fat, calories, protein) values ('dcde8e1d-e39e-4cb9-a797-bccf08a5169c', 37, 9 , 60, 21);

insert into food (id, nutrition_id, name) values ('8bd3a9ee-60b8-4425-b0f1-8f706b6fca21', 'dcde8e1d-e39e-4cb9-a797-bccf08a5369c', 'potassium chloride'                                          );
insert into food (id, nutrition_id, name) values ('8bd3a9ee-60b8-4425-b0f1-8f706b6fca22', 'dcde8e1d-e39e-4cb9-a797-bccf08a5361c', 'Avobenzone,Octinoxate, Octisalate, Octisalate, Oxybenzone'   );
insert into food (id, nutrition_id, name) values ('8bd3a9ee-60b8-4425-b0f1-8f706b6fca23', 'dcde8e1d-e39e-4cb9-a797-bccf08a5362c', 'Valsartan and hydrochlorothiazide'                           );
insert into food (id, nutrition_id, name) values ('8bd3a9ee-60b8-4425-b0f1-8f706b6fca24', 'dcde8e1d-e39e-4cb9-a797-bccf08a5363c', 'Arnica Montana, Deer Antler Velvet, Hepar Bovine, HGH'       );
insert into food (id, nutrition_id, name) values ('8bd3a9ee-60b8-4425-b0f1-8f706b6fca25', 'dcde8e1d-e39e-4cb9-a797-bccf08a5364c', 'CYPROHEPTADINE HYDROCHLORIDE'                                );
insert into food (id, nutrition_id, name) values ('8bd3a9ee-60b8-4425-b0f1-8f706b6fca26', 'dcde8e1d-e39e-4cb9-a797-bccf08a5365c', 'Titanium Dioxide'                                            );
insert into food (id, nutrition_id, name) values ('8bd3a9ee-60b8-4425-b0f1-8f706b6fca27', 'dcde8e1d-e39e-4cb9-a797-bccf08a5366c', 'Diphenhydramine hydrochloride'                               );
insert into food (id, nutrition_id, name) values ('8bd3a9ee-60b8-4425-b0f1-8f706b6fca28', 'dcde8e1d-e39e-4cb9-a797-bccf08a5367c', 'calcium carbonate'                                           );
insert into food (id, nutrition_id, name) values ('8bd3a9ee-60b8-4425-b0f1-8f706b6fca29', 'dcde8e1d-e39e-4cb9-a797-bccf08a5368c', 'Atropine Sulfate'                                            );
insert into food (id, nutrition_id, name) values ('8bd3a9ee-60b8-4425-b0f1-8f706b6fca20', 'dcde8e1d-e39e-4cb9-a797-bccf08a5360c', 'OCTINOXATE, OCTISALATE, OCTOCRYLENE, ENSULIZOLE'             );
insert into food (id, nutrition_id, name) values ('8bd3a9ee-60b8-4425-b0f1-8f706b6fca17', 'dcde8e1d-e39e-4cb9-a797-bccf08a5319c', 'Levetiracetam'                                               );
insert into food (id, nutrition_id, name) values ('8bd3a9ee-60b8-4425-b0f1-8f706b6fca37', 'dcde8e1d-e39e-4cb9-a797-bccf08a5329c', 'oxybutynin chloride'                                         );
insert into food (id, nutrition_id, name) values ('8bd3a9ee-60b8-4425-b0f1-8f706b6fca47', 'dcde8e1d-e39e-4cb9-a797-bccf08a5339c', 'calcium carbonate, magnesium hydroxide'                      );
insert into food (id, nutrition_id, name) values ('8bd3a9ee-60b8-4425-b0f1-8f706b6fca57', 'dcde8e1d-e39e-4cb9-a797-bccf08a5349c', 'Acetaminophen'                                               );
insert into food (id, nutrition_id, name) values ('8bd3a9ee-60b8-4425-b0f1-8f706b6fca67', 'dcde8e1d-e39e-4cb9-a797-bccf08a5359c', 'BUPIVACAINE HYDROCHLORIDE'                                   );
insert into food (id, nutrition_id, name) values ('8bd3a9ee-60b8-4425-b0f1-8f706b6fca77', 'dcde8e1d-e39e-4cb9-a797-bccf08a5379c', 'sildenafil citrate'                                          );
insert into food (id, nutrition_id, name) values ('8bd3a9ee-60b8-4425-b0f1-8f706b6fca87', 'dcde8e1d-e39e-4cb9-a797-bccf08a5389c', 'Glipizide'                                                   );
insert into food (id, nutrition_id, name) values ('8bd3a9ee-60b8-4425-b0f1-8f706b6fca97', 'dcde8e1d-e39e-4cb9-a797-bccf08a5399c', 'Gabapentin'                                                  );
insert into food (id, nutrition_id, name) values ('8bd3a9ee-60b8-4425-b0f1-8f706b6fca07', 'dcde8e1d-e39e-4cb9-a797-bccf08a5309c', 'Dextromethorphan Hydrobromide and Brompheniramine Maleate'   );
insert into food (id, nutrition_id, name) values ('8bd3a9ee-60b8-4425-b0f1-8f706b1fca27', 'dcde8e1d-e39e-4cb9-a797-bccf08a5169c', 'Alnus rubra'                                                 );

insert into registered_food (id, food_id, user_id) values ('216aad05-e552-4b4b-a9e5-c6da13aaac41', '8bd3a9ee-60b8-4425-b0f1-8f706b6fca21', '2e8f53cb-830a-4727-92c3-3f3ff6e44e03');
insert into registered_food (id, food_id, user_id) values ('216aad05-e552-4b4b-a9e5-c6da13aaac42', '8bd3a9ee-60b8-4425-b0f1-8f706b6fca22', '2e8f53cb-830a-4727-92c3-3f3ff6e44e04');
insert into registered_food (id, food_id, user_id) values ('216aad05-e552-4b4b-a9e5-c6da13aaac43', '8bd3a9ee-60b8-4425-b0f1-8f706b6fca23', '2e8f53cb-830a-4727-92c3-3f3ff6e44e05');
insert into registered_food (id, food_id, user_id) values ('216aad05-e552-4b4b-a9e5-c6da13aaac44', '8bd3a9ee-60b8-4425-b0f1-8f706b6fca24', '2e8f53cb-830a-4727-92c3-3f3ff6e44e06');
insert into registered_food (id, food_id, user_id) values ('216aad05-e552-4b4b-a9e5-c6da13aaac45', '8bd3a9ee-60b8-4425-b0f1-8f706b6fca25', '2e8f53cb-830a-4727-92c3-3f3ff6e44e07');
insert into registered_food (id, food_id, user_id) values ('216aad05-e552-4b4b-a9e5-c6da13aaac46', '8bd3a9ee-60b8-4425-b0f1-8f706b6fca26', '2e8f53cb-830a-4727-92c3-3f3ff6e44e08');
insert into registered_food (id, food_id, user_id) values ('216aad05-e552-4b4b-a9e5-c6da13aaac47', '8bd3a9ee-60b8-4425-b0f1-8f706b6fca27', '2e8f53cb-830a-4727-92c3-3f3ff6e44e09');
insert into registered_food (id, food_id, user_id) values ('216aad05-e552-4b4b-a9e5-c6da13aaac48', '8bd3a9ee-60b8-4425-b0f1-8f706b6fca28', '2e8f53cb-830a-4727-92c3-3f3ff6e44e23');
insert into registered_food (id, food_id, user_id) values ('216aad05-e552-4b4b-a9e5-c6da13aaac49', '8bd3a9ee-60b8-4425-b0f1-8f706b6fca29', '2e8f53cb-830a-4727-92c3-3f3ff6e44e33');
insert into registered_food (id, food_id, user_id) values ('216aad05-e552-4b4b-a9e5-c6da13aaac40', '8bd3a9ee-60b8-4425-b0f1-8f706b6fca20', '2e8f53cb-830a-4727-92c3-3f3ff6e44e43');
insert into registered_food (id, food_id, user_id) values ('216aad05-e552-4b4b-a9e5-c6da13aaac13', '8bd3a9ee-60b8-4425-b0f1-8f706b6fca17', '2e8f53cb-830a-4727-92c3-3f3ff6e44e53');
insert into registered_food (id, food_id, user_id) values ('216aad05-e552-4b4b-a9e5-c6da13aaac23', '8bd3a9ee-60b8-4425-b0f1-8f706b6fca37', '2e8f53cb-830a-4727-92c3-3f3ff6e44e63');
insert into registered_food (id, food_id, user_id) values ('216aad05-e552-4b4b-a9e5-c6da13aaac33', '8bd3a9ee-60b8-4425-b0f1-8f706b6fca47', '2e8f53cb-830a-4727-92c3-3f3ff6e44e73');
insert into registered_food (id, food_id, user_id) values ('216aad05-e552-4b4b-a9e5-c6da13aaac53', '8bd3a9ee-60b8-4425-b0f1-8f706b6fca57', '2e8f53cb-830a-4727-92c3-3f3ff6e44e83');
insert into registered_food (id, food_id, user_id) values ('216aad05-e552-4b4b-a9e5-c6da13aaac63', '8bd3a9ee-60b8-4425-b0f1-8f706b6fca67', '2e8f53cb-830a-4727-92c3-3f3ff6e44e93');
insert into registered_food (id, food_id, user_id) values ('216aad05-e552-4b4b-a9e5-c6da13aaac73', '8bd3a9ee-60b8-4425-b0f1-8f706b6fca77', '2e8f53cb-830a-4727-92c3-3f3ff6e14e03');
insert into registered_food (id, food_id, user_id) values ('216aad05-e552-4b4b-a9e5-c6da13aaac83', '8bd3a9ee-60b8-4425-b0f1-8f706b6fca87', '2e8f53cb-830a-4727-92c3-3f3ff6e24e03');
insert into registered_food (id, food_id, user_id) values ('216aad05-e552-4b4b-a9e5-c6da13aaac93', '8bd3a9ee-60b8-4425-b0f1-8f706b6fca97', '2e8f53cb-830a-4727-92c3-3f3ff6e34e03');
insert into registered_food (id, food_id, user_id) values ('216aad05-e552-4b4b-a9e5-c6da13aaac03', '8bd3a9ee-60b8-4425-b0f1-8f706b6fca07', '2e8f53cb-830a-4727-92c3-3f3ff6e54e03');
insert into registered_food (id, food_id, user_id) values ('216aad05-e552-4b4b-a9e5-c6da11aaac43', '8bd3a9ee-60b8-4425-b0f1-8f706b1fca27', '2e8f53cb-830a-4727-92c3-3f3ff6e64e03');


insert into goal (id, body_mass_id, nutrition_id) values ('60bb134c-8898-4048-9f20-66a1bf3f3ca1', null,                                  'dcde8e1d-e39e-4cb9-a797-bccf08a5369c');
insert into goal (id, body_mass_id, nutrition_id) values ('60bb134c-8898-4048-9f20-66a1bf3f3ca2', null,                                  'dcde8e1d-e39e-4cb9-a797-bccf08a5361c');
insert into goal (id, body_mass_id, nutrition_id) values ('60bb134c-8898-4048-9f20-66a1bf3f3ca3', null,                                  'dcde8e1d-e39e-4cb9-a797-bccf08a5362c');
insert into goal (id, body_mass_id, nutrition_id) values ('60bb134c-8898-4048-9f20-66a1bf3f3ca4', null,                                  'dcde8e1d-e39e-4cb9-a797-bccf08a5363c');
insert into goal (id, body_mass_id, nutrition_id) values ('60bb134c-8898-4048-9f20-66a1bf3f3ca5', null,                                  'dcde8e1d-e39e-4cb9-a797-bccf08a5364c');
insert into goal (id, body_mass_id, nutrition_id) values ('60bb134c-8898-4048-9f20-66a1bf3f3ca6', null,                                  'dcde8e1d-e39e-4cb9-a797-bccf08a5365c');
insert into goal (id, body_mass_id, nutrition_id) values ('60bb134c-8898-4048-9f20-66a1bf3f3ca7', 'e5bebd37-50d0-4aeb-b389-aea1ac06a4e7', null                                 );
insert into goal (id, body_mass_id, nutrition_id) values ('60bb134c-8898-4048-9f20-66a1bf3f3ca8', 'e5bebd37-50d0-4aeb-b389-aea1ac06a4e8', null                                 );
insert into goal (id, body_mass_id, nutrition_id) values ('60bb134c-8898-4048-9f20-66a1bf3f3ca9', 'e5bebd37-50d0-4aeb-b389-aea1ac06a4e9', null                                 );
insert into goal (id, body_mass_id, nutrition_id) values ('60bb134c-8898-4048-9f20-66a1bf3f3ca0', 'e5bebd37-50d0-4aeb-b389-aea1ac06a4e0', null                                 );
insert into goal (id, body_mass_id, nutrition_id) values ('60bb134c-8898-4048-9f20-66a1bf3f3c1d', 'e5bebd37-50d0-4aeb-b389-aea1ac06a41b', null                                 );
insert into goal (id, body_mass_id, nutrition_id) values ('60bb134c-8898-4048-9f20-66a1bf3f3c2d', 'e5bebd37-50d0-4aeb-b389-aea1ac06a42b', null                                 );
insert into goal (id, body_mass_id, nutrition_id) values ('60bb134c-8898-4048-9f20-66a1bf3f3c3d', 'e5bebd37-50d0-4aeb-b389-aea1ac06a43b', null                                 );
insert into goal (id, body_mass_id, nutrition_id) values ('60bb134c-8898-4048-9f20-66a1bf3f3c4d', 'e5bebd37-50d0-4aeb-b389-aea1ac06a44b','dcde8e1d-e39e-4cb9-a797-bccf08a5349c');
insert into goal (id, body_mass_id, nutrition_id) values ('60bb134c-8898-4048-9f20-66a1bf3f3c5d', 'e5bebd37-50d0-4aeb-b389-aea1ac06a45b','dcde8e1d-e39e-4cb9-a797-bccf08a5359c');
insert into goal (id, body_mass_id, nutrition_id) values ('60bb134c-8898-4048-9f20-66a1bf3f3c6d', 'e5bebd37-50d0-4aeb-b389-aea1ac06a46b','dcde8e1d-e39e-4cb9-a797-bccf08a5379c');
insert into goal (id, body_mass_id, nutrition_id) values ('60bb134c-8898-4048-9f20-66a1bf3f3c7d', 'e5bebd37-50d0-4aeb-b389-aea1ac06a47b','dcde8e1d-e39e-4cb9-a797-bccf08a5389c');
insert into goal (id, body_mass_id, nutrition_id) values ('60bb134c-8898-4048-9f20-66a1bf3f3c8d', 'e5bebd37-50d0-4aeb-b389-aea1ac06a48b','dcde8e1d-e39e-4cb9-a797-bccf08a5399c');
insert into goal (id, body_mass_id, nutrition_id) values ('60bb134c-8898-4048-9f20-66a1bf3f3c9d', 'e5bebd37-50d0-4aeb-b389-aea1ac06a49b','dcde8e1d-e39e-4cb9-a797-bccf08a5309c');
insert into goal (id, body_mass_id, nutrition_id) values ('60bb134c-8898-4048-9f20-66a1bf3f3c0d', 'e5bebd37-50d0-4aeb-b389-aea1ac06a40b','dcde8e1d-e39e-4cb9-a797-bccf08a5169c');

insert into consumed_food (id, user_registered_food_id, time_of_consumption, amount) values ('000b39b9-7ef6-4316-adb6-8a87f0c2f831', '216aad05-e552-4b4b-a9e5-c6da13aaac41', '4/23/2022' , '500');
insert into consumed_food (id, user_registered_food_id, time_of_consumption, amount) values ('000b39b9-7ef6-4316-adb6-8a87f0c2f832', '216aad05-e552-4b4b-a9e5-c6da13aaac42', '8/24/2021' , '500');
insert into consumed_food (id, user_registered_food_id, time_of_consumption, amount) values ('000b39b9-7ef6-4316-adb6-8a87f0c2f833', '216aad05-e552-4b4b-a9e5-c6da13aaac43', '3/15/2022' , '500');
insert into consumed_food (id, user_registered_food_id, time_of_consumption, amount) values ('000b39b9-7ef6-4316-adb6-8a87f0c2f834', '216aad05-e552-4b4b-a9e5-c6da13aaac44', '1/21/2022' , '500');
insert into consumed_food (id, user_registered_food_id, time_of_consumption, amount) values ('000b39b9-7ef6-4316-adb6-8a87f0c2f835', '216aad05-e552-4b4b-a9e5-c6da13aaac45', '4/14/2022' , '500');
insert into consumed_food (id, user_registered_food_id, time_of_consumption, amount) values ('000b39b9-7ef6-4316-adb6-8a87f0c2f836', '216aad05-e552-4b4b-a9e5-c6da13aaac46', '3/23/2022' , '500');
insert into consumed_food (id, user_registered_food_id, time_of_consumption, amount) values ('000b39b9-7ef6-4316-adb6-8a87f0c2f837', '216aad05-e552-4b4b-a9e5-c6da13aaac47', '10/11/2021', '500');
insert into consumed_food (id, user_registered_food_id, time_of_consumption, amount) values ('000b39b9-7ef6-4316-adb6-8a87f0c2f838', '216aad05-e552-4b4b-a9e5-c6da13aaac48', '9/16/2021' , '500');
insert into consumed_food (id, user_registered_food_id, time_of_consumption, amount) values ('000b39b9-7ef6-4316-adb6-8a87f0c2f839', '216aad05-e552-4b4b-a9e5-c6da13aaac49', '4/13/2022' , '500');
insert into consumed_food (id, user_registered_food_id, time_of_consumption, amount) values ('000b39b9-7ef6-4316-adb6-8a87f0c2f830', '216aad05-e552-4b4b-a9e5-c6da13aaac40', '1/10/2022' , '500');
insert into consumed_food (id, user_registered_food_id, time_of_consumption, amount) values ('000b39b9-7ef6-4316-adb6-8a87f0c2183b', '216aad05-e552-4b4b-a9e5-c6da13aaac13', '7/2/2021'  , '500');
insert into consumed_food (id, user_registered_food_id, time_of_consumption, amount) values ('000b39b9-7ef6-4316-adb6-8a87f0c2283b', '216aad05-e552-4b4b-a9e5-c6da13aaac23', '6/7/2022'  , '500');
insert into consumed_food (id, user_registered_food_id, time_of_consumption, amount) values ('000b39b9-7ef6-4316-adb6-8a87f0c2383b', '216aad05-e552-4b4b-a9e5-c6da13aaac33', '8/28/2021' , '500');
insert into consumed_food (id, user_registered_food_id, time_of_consumption, amount) values ('000b39b9-7ef6-4316-adb6-8a87f0c2483b', '216aad05-e552-4b4b-a9e5-c6da13aaac53', '4/6/2022'  , '500');
insert into consumed_food (id, user_registered_food_id, time_of_consumption, amount) values ('000b39b9-7ef6-4316-adb6-8a87f0c2583b', '216aad05-e552-4b4b-a9e5-c6da13aaac63', '10/17/2021', '500');
insert into consumed_food (id, user_registered_food_id, time_of_consumption, amount) values ('000b39b9-7ef6-4316-adb6-8a87f0c2683b', '216aad05-e552-4b4b-a9e5-c6da13aaac73', '12/30/2021', '500');
insert into consumed_food (id, user_registered_food_id, time_of_consumption, amount) values ('000b39b9-7ef6-4316-adb6-8a87f0c2783b', '216aad05-e552-4b4b-a9e5-c6da13aaac83', '12/9/2021' , '500');
insert into consumed_food (id, user_registered_food_id, time_of_consumption, amount) values ('000b39b9-7ef6-4316-adb6-8a87f0c2883b', '216aad05-e552-4b4b-a9e5-c6da13aaac93', '4/24/2022' , '500');
insert into consumed_food (id, user_registered_food_id, time_of_consumption, amount) values ('000b39b9-7ef6-4316-adb6-8a87f0c2983b', '216aad05-e552-4b4b-a9e5-c6da13aaac03', '3/15/2022' , '500');
insert into consumed_food (id, user_registered_food_id, time_of_consumption, amount) values ('000b39b9-7ef6-4316-adb6-8a87f0c2083b', '216aad05-e552-4b4b-a9e5-c6da11aaac43', '7/27/2021' , '500');

insert into user_goal (id, goal_id, user_id, end_time, start_time) values ('97f6f2e8-b55e-4a4d-90f8-60b5ba71afd1', '60bb134c-8898-4048-9f20-66a1bf3f3ca1', '2e8f53cb-830a-4727-92c3-3f3ff6e44e03', null,         '10/16/2021');
insert into user_goal (id, goal_id, user_id, end_time, start_time) values ('97f6f2e8-b55e-4a4d-90f8-60b5ba71afd2', '60bb134c-8898-4048-9f20-66a1bf3f3ca2', '2e8f53cb-830a-4727-92c3-3f3ff6e44e04', null,         '4/25/2022' );
insert into user_goal (id, goal_id, user_id, end_time, start_time) values ('97f6f2e8-b55e-4a4d-90f8-60b5ba71afd3', '60bb134c-8898-4048-9f20-66a1bf3f3ca3', '2e8f53cb-830a-4727-92c3-3f3ff6e44e05', '1/5/2022',   '1/6/2022'  );
insert into user_goal (id, goal_id, user_id, end_time, start_time) values ('97f6f2e8-b55e-4a4d-90f8-60b5ba71afd4', '60bb134c-8898-4048-9f20-66a1bf3f3ca4', '2e8f53cb-830a-4727-92c3-3f3ff6e44e06', '2/24/2022',  '9/1/2021'  );
insert into user_goal (id, goal_id, user_id, end_time, start_time) values ('97f6f2e8-b55e-4a4d-90f8-60b5ba71afd5', '60bb134c-8898-4048-9f20-66a1bf3f3ca5', '2e8f53cb-830a-4727-92c3-3f3ff6e44e07', null,         '10/19/2021');
insert into user_goal (id, goal_id, user_id, end_time, start_time) values ('97f6f2e8-b55e-4a4d-90f8-60b5ba71afd6', '60bb134c-8898-4048-9f20-66a1bf3f3ca6', '2e8f53cb-830a-4727-92c3-3f3ff6e44e08', null,         '6/3/2022'  );
insert into user_goal (id, goal_id, user_id, end_time, start_time) values ('97f6f2e8-b55e-4a4d-90f8-60b5ba71afd7', '60bb134c-8898-4048-9f20-66a1bf3f3ca7', '2e8f53cb-830a-4727-92c3-3f3ff6e44e09', null,         '9/16/2021' );
insert into user_goal (id, goal_id, user_id, end_time, start_time) values ('97f6f2e8-b55e-4a4d-90f8-60b5ba71afd8', '60bb134c-8898-4048-9f20-66a1bf3f3ca8', '2e8f53cb-830a-4727-92c3-3f3ff6e44e23', null,         '11/11/2021');
insert into user_goal (id, goal_id, user_id, end_time, start_time) values ('97f6f2e8-b55e-4a4d-90f8-60b5ba71afd9', '60bb134c-8898-4048-9f20-66a1bf3f3ca9', '2e8f53cb-830a-4727-92c3-3f3ff6e44e33', '8/24/2021',  '11/9/2021' );
insert into user_goal (id, goal_id, user_id, end_time, start_time) values ('97f6f2e8-b55e-4a4d-90f8-60b5ba71afd0', '60bb134c-8898-4048-9f20-66a1bf3f3ca0', '2e8f53cb-830a-4727-92c3-3f3ff6e44e43', '8/28/2021',  '6/29/2021' );
insert into user_goal (id, goal_id, user_id, end_time, start_time) values ('97f6f2e8-b55e-4a4d-90f8-60b5ba71af1d', '60bb134c-8898-4048-9f20-66a1bf3f3c1d', '2e8f53cb-830a-4727-92c3-3f3ff6e44e53', null,         '2/12/2022' );
insert into user_goal (id, goal_id, user_id, end_time, start_time) values ('97f6f2e8-b55e-4a4d-90f8-60b5ba71af2d', '60bb134c-8898-4048-9f20-66a1bf3f3c2d', '2e8f53cb-830a-4727-92c3-3f3ff6e44e63', '12/7/2021',  '3/29/2022' );
insert into user_goal (id, goal_id, user_id, end_time, start_time) values ('97f6f2e8-b55e-4a4d-90f8-60b5ba71af3d', '60bb134c-8898-4048-9f20-66a1bf3f3c3d', '2e8f53cb-830a-4727-92c3-3f3ff6e44e73', '2/2/2022',   '9/30/2021' );
insert into user_goal (id, goal_id, user_id, end_time, start_time) values ('97f6f2e8-b55e-4a4d-90f8-60b5ba71af4d', '60bb134c-8898-4048-9f20-66a1bf3f3c4d', '2e8f53cb-830a-4727-92c3-3f3ff6e44e83', '3/21/2022',  '9/9/2021'  );
insert into user_goal (id, goal_id, user_id, end_time, start_time) values ('97f6f2e8-b55e-4a4d-90f8-60b5ba71af5d', '60bb134c-8898-4048-9f20-66a1bf3f3c5d', '2e8f53cb-830a-4727-92c3-3f3ff6e44e93', '10/15/2021', '7/30/2021' );
insert into user_goal (id, goal_id, user_id, end_time, start_time) values ('97f6f2e8-b55e-4a4d-90f8-60b5ba71af6d', '60bb134c-8898-4048-9f20-66a1bf3f3c6d', '2e8f53cb-830a-4727-92c3-3f3ff6e14e03', null,         '5/25/2022' );
insert into user_goal (id, goal_id, user_id, end_time, start_time) values ('97f6f2e8-b55e-4a4d-90f8-60b5ba71af7d', '60bb134c-8898-4048-9f20-66a1bf3f3c7d', '2e8f53cb-830a-4727-92c3-3f3ff6e24e03', null,         '10/3/2021' );
insert into user_goal (id, goal_id, user_id, end_time, start_time) values ('97f6f2e8-b55e-4a4d-90f8-60b5ba71af8d', '60bb134c-8898-4048-9f20-66a1bf3f3c8d', '2e8f53cb-830a-4727-92c3-3f3ff6e34e03', null,         '1/22/2022' );
insert into user_goal (id, goal_id, user_id, end_time, start_time) values ('97f6f2e8-b55e-4a4d-90f8-60b5ba71af9d', '60bb134c-8898-4048-9f20-66a1bf3f3c9d', '2e8f53cb-830a-4727-92c3-3f3ff6e54e03', null,         '10/30/2021');
insert into user_goal (id, goal_id, user_id, end_time, start_time) values ('97f6f2e8-b55e-4a4d-90f8-60b5ba71af0d', '60bb134c-8898-4048-9f20-66a1bf3f3c0d', '2e8f53cb-830a-4727-92c3-3f3ff6e64e03', null,         '10/11/2021');
